uint32_from_stop_id,uint32_to_stop_id,uint32_min_transfer_time
1629,1630,72
1629,1822,106
1629,2509,0
1629,2510,72
1630,1629,72
1630,1881,117
1630,2509,72
1630,2510,0
1632,1782,99
1632,2512,0
1633,2032,105
1633,2513,0
1634,1786,90
1634,2514,0
1635,2002,150
1637,1687,110
1637,1895,108
1637,2497,96
1637,2517,0
1638,1897,96
1638,2518,0
1639,1696,143
1639,2519,0
1640,1997,98
1640,2520,0
1641,2017,90
1641,2521,0
1642,1892,104
1642,2522,0
1644,1974,90
1644,2524,0
1645,1763,90
1645,1996,110
1645,2409,90
1645,2525,0
1646,1667,94
1646,2526,0
1647,1766,113
1647,1767,120
1647,1844,110
1647,2376,130
1647,2377,130
1647,2527,0
1647,967988,180
1647,967989,180
1647,3343777,180
1647,3343778,180
1648,1685,108
1648,1793,126
1648,1794,112
1648,2403,129
1648,2404,116
1648,2528,0
1649,2020,98
1649,2529,0
1651,1832,136
1651,1833,176
1651,1834,200
1651,2014,130
1651,2338,138
1651,2339,200
1651,2371,166
1651,2531,0
1653,1845,91
1653,1977,90
1653,2312,80
1653,2533,0
1655,1883,180
1655,2033,90
1655,2279,187
1655,2535,0
1656,1888,144
1656,2009,150
1656,2536,0
1657,1916,143
1657,1926,90
1657,2241,133
1657,2537,0
1657,3343755,180
1657,3343756,180
1659,1950,61
1659,2205,107
1659,2539,0
1661,1927,120
1661,2541,0
1662,2007,94
1662,2542,0
1665,2016,112
1665,2475,0
1666,1667,65
1666,1867,113
1666,2476,0
1666,2477,67
1667,1666,65
1667,1710,97
1667,2476,99
1667,2477,0
1668,1655,93
1668,1742,30
1668,2478,0
1669,2052,90
1669,2479,0
1674,1675,111
1674,1676,236
1674,1910,128
1674,2484,0
1674,2485,116
1674,2486,234
1675,1674,111
1675,1676,110
1675,1958,182
1675,2484,120
1675,2485,0
1675,2486,104
1676,1674,236
1676,1675,110
1676,1860,101
1676,2484,247
1676,2485,127
1676,2486,0
1677,1678,105
1677,1764,97
1677,2487,0
1677,2488,63
1677,3343775,180
1677,3343776,180
1678,1647,131
1678,1677,105
1678,2487,119
1678,2488,0
1678,3343775,180
1678,3343776,180
1681,1907,146
1681,2491,0
1682,1798,90
1682,2492,0
1683,2050,90
1683,2493,0
1684,2029,118
1684,2494,0
1685,1876,126
1685,2495,0
1686,1841,109
1686,2496,0
1687,1637,110
1687,2073,93
1687,2497,0
1687,2517,96
1688,1980,95
1688,2498,0
1690,1666,102
1690,2500,0
1691,1632,103
1691,2501,0
1692,1645,113
1692,2502,0
1694,1736,154
1694,2504,0
1695,2505,0
1696,1695,176
1696,2506,0
1698,1955,128
1698,2443,0
1698,3343791,180
1698,3343792,180
1700,2008,100
1700,2445,0
1702,1712,104
1702,2447,0
1702,3343769,180
1702,3343770,180
1703,1676,115
1703,2448,0
1704,1993,139
1704,2449,0
1707,1629,113
1707,2452,0
1708,1637,122
1708,2453,0
1709,1651,113
1709,2454,0
1710,1669,108
1710,2455,0
1712,2001,93
1712,2457,0
1712,3343771,180
1712,3343772,180
1714,1633,101
1714,2459,0
1715,1722,480
1715,1723,480
1715,1724,480
1715,1890,132
1715,2460,0
1715,2467,480
1715,2468,480
1715,2469,480
1715,1166840,140
1715,1166841,140
1716,2461,0
1716,140078,161
1717,1716,139
1717,2462,0
1718,1783,90
1718,2463,0
1719,1638,105
1719,2464,0
1720,1792,102
1720,2465,0
1721,1733,108
1721,2466,0
1722,1715,480
1722,1723,207
1722,1724,108
1722,1935,137
1722,2460,480
1722,2467,0
1722,2468,220
1722,2469,108
1722,1166840,180
1722,1166841,180
1723,1686,90
1723,1715,480
1723,1722,207
1723,1724,141
1723,2460,480
1723,2467,263
1723,2468,0
1723,2469,149
1723,1166840,180
1723,1166841,180
1724,1715,480
1724,1722,108
1724,1723,141
1724,1858,124
1724,2460,480
1724,2467,118
1724,2468,131
1724,2469,0
1724,1166840,180
1724,1166841,180
1725,1751,136
1725,2470,0
1728,1779,116
1728,2471,0
1729,1845,101
1729,2472,0
1730,1819,122
1730,2441,0
1731,1824,118
1731,2442,0
1733,1731,98
1733,2411,0
1734,1790,114
1734,2412,0
1735,2413,0
1735,4028973,138
1736,2414,0
1737,1950,110
1737,2415,0
1738,1862,98
1738,2416,0
1740,1734,116
1740,2418,0
1741,1872,143
1741,2419,0
1742,1655,90
1742,1668,90
1742,2420,0
1743,2421,0
1743,3901291,206
1744,1985,146
1744,2422,0
1745,1704,150
1745,2423,0
1746,1772,107
1746,2424,0
1747,1936,111
1747,2425,0
1748,1959,150
1748,2426,0
1749,1799,134
1749,2427,0
1750,1984,136
1750,2428,0
1751,1832,125
1751,2429,0
1752,1718,120
1752,1753,156
1752,2430,0
1752,2431,131
1753,1682,123
1753,1752,156
1753,2430,139
1753,2431,0
1755,1856,134
1755,2433,0
1756,1635,90
1756,2434,0
1757,1774,97
1757,2435,0
1757,6129304,180
1757,6129305,180
1758,2066,143
1758,2436,0
1759,1951,150
1759,2437,0
1760,1846,109
1760,2438,0
1761,1893,90
1761,2439,0
1762,1917,94
1762,2440,0
1763,1645,90
1763,1930,101
1763,2409,0
1763,2525,90
1764,1765,103
1764,1934,95
1764,2374,0
1764,2375,137
1765,1662,113
1765,1764,103
1765,2374,79
1765,2375,0
1766,1647,113
1766,1683,90
1766,1767,60
1766,2376,0
1766,2377,128
1766,2527,101
1766,967988,180
1766,967989,180
1766,3343777,180
1766,3343778,180
1767,1647,120
1767,1766,60
1767,1843,133
1767,2376,79
1767,2377,0
1767,2527,105
1767,967988,180
1767,967989,180
1767,3343777,180
1767,3343778,180
1772,1922,124
1772,2382,0
1773,1688,104
1773,1774,54
1773,2383,0
1773,2384,89
1774,1773,54
1774,1806,143
1774,2383,71
1774,2384,0
1779,1766,120
1779,2389,0
1780,1687,140
1780,2390,0
1781,1665,96
1781,1782,97
1781,2391,0
1781,2392,121
1782,1781,97
1782,1938,104
1782,2391,79
1782,2392,0
1783,1659,90
1783,2393,0
1784,1785,100
1784,1812,107
1784,2394,0
1784,2395,93
1785,1728,97
1785,1784,100
1785,2394,94
1785,2395,0
1786,1738,106
1786,2396,0
1787,1948,118
1787,2397,0
1788,1784,117
1788,2398,0
1789,2065,125
1789,2399,0
1790,1871,174
1790,2400,0
1791,1792,114
1791,2071,100
1791,2401,0
1791,2402,129
1792,1791,114
1792,2037,90
1792,2401,108
1792,2402,0
1793,1648,126
1793,1794,90
1793,2403,0
1793,2404,90
1793,2528,162
1794,1648,112
1794,1793,90
1794,1987,102
1794,2403,90
1794,2404,0
1794,2528,98
1795,1707,119
1795,1796,75
1795,2405,0
1795,2406,86
1796,1656,93
1796,1795,75
1796,2405,119
1796,2406,0
1797,1798,75
1797,2408,79
1797,2434,150
1798,1797,75
1798,1905,83
1798,2408,0
1799,1787,99
1799,2372,0
1800,2015,96
1800,2373,0
1802,2341,0
1803,1933,134
1803,2342,0
1804,2088,116
1804,2343,0
1805,1681,110
1805,2344,0
1806,1966,115
1806,2345,0
1808,1740,107
1808,2347,0
1811,2018,105
1811,2350,0
1812,2079,112
1812,2351,0
1814,1899,132
1814,2353,0
1814,2354,89
1816,1814,97
1816,1817,63
1816,2355,0
1817,1816,63
1817,2026,108
1817,2355,51
1818,1903,110
1819,1715,108
1819,1820,55
1819,2358,0
1819,2359,51
1820,1724,159
1820,1819,55
1820,2358,62
1820,2359,0
1822,1989,93
1822,2361,0
1824,1692,98
1824,1825,368
1824,1826,108
1824,1827,400
1824,2363,0
1824,2364,368
1824,2365,108
1824,2366,343
1825,1781,110
1825,1824,368
1825,1826,396
1825,1827,126
1825,2363,367
1825,2364,0
1825,2365,293
1825,2366,101
1826,1824,108
1826,1825,396
1826,1827,370
1826,1842,124
1826,2363,108
1826,2364,396
1826,2365,0
1826,2366,241
1827,1824,400
1827,1825,126
1827,1826,370
1827,1928,127
1827,2363,311
1827,2364,126
1827,2365,235
1827,2366,0
1828,2040,95
1828,2367,0
1832,1651,136
1832,1698,116
1832,1833,72
1832,1834,90
1832,2338,74
1832,2339,90
1832,2371,0
1832,2531,153
1833,1651,176
1833,1832,72
1833,1834,90
1833,2058,137
1833,2338,0
1833,2339,90
1833,2371,72
1833,2531,149
1834,1651,200
1834,1789,120
1834,1832,90
1834,1833,90
1834,2338,90
1834,2339,0
1834,2371,90
1834,2531,200
1836,1794,96
1836,2303,0
1841,1720,120
1841,2308,0
1842,1646,94
1842,2309,0
1843,1700,108
1843,1844,98
1843,2310,0
1843,2311,103
1844,1714,133
1844,1843,98
1844,2310,106
1844,2311,0
1845,1653,91
1845,1721,100
1845,2312,0
1845,2533,105
1846,1847,95
1846,1889,118
1846,2313,0
1846,2314,125
1846,3343767,180
1846,3343768,180
1847,1757,108
1847,1846,95
1847,2313,88
1847,2314,0
1847,3343767,180
1847,3343768,180
1849,1971,108
1849,2316,0
1854,1648,122
1854,2321,0
1855,1964,102
1855,2322,0
1856,1803,127
1856,2323,0
1858,1796,118
1858,2325,0
1860,1861,60
1860,2085,117
1860,2327,0
1860,2328,75
1861,1860,60
1861,2327,70
1861,2328,0
1862,2044,131
1862,2329,0
1864,1773,90
1864,2331,0
1867,1653,132
1867,2334,0
1869,1723,141
1869,2336,0
1869,1166838,180
1869,1166839,180
1869,3343765,180
1869,3343766,180
1870,1986,110
1870,2337,0
1871,2301,0
1872,1947,197
1872,2268,0
1873,2269,0
1874,2270,0
1874,1692060,134
1875,1753,114
1875,2271,0
1876,1808,90
1876,1925,150
1876,2272,0
1879,1749,133
1879,2275,0
1880,1879,127
1880,2276,0
1881,1634,110
1881,2277,0
1882,1745,107
1882,2278,0
1883,1655,180
1883,1886,142
1883,2279,0
1883,2535,172
1884,1747,178
1884,2280,0
1886,1743,147
1886,2282,0
1887,2283,0
1888,1748,116
1888,2284,0
1889,1722,98
1889,1890,59
1889,2285,0
1889,2286,67
1890,1889,59
1890,1972,101
1890,2285,77
1890,2286,0
1891,1746,133
1891,2287,0
1892,1893,175
1892,2036,113
1892,2288,0
1892,2289,144
1893,1892,175
1893,1965,90
1893,2288,192
1893,2289,0
1895,2043,111
1895,2291,0
1897,2025,135
1897,2293,0
1897,3343761,180
1897,3343762,180
1898,1767,125
1898,2294,0
1899,1762,93
1899,2295,0
1900,1674,118
1900,1901,235
1900,1902,143
1900,2296,0
1900,2297,229
1900,2298,133
1901,1675,106
1901,1900,235
1901,1902,174
1901,2296,231
1901,2297,0
1901,2298,166
1902,1861,135
1902,1900,143
1902,1901,174
1902,2296,143
1902,2297,168
1902,2298,0
1903,2031,112
1903,2299,0
1905,1758,90
1905,2266,0
1906,1883,97
1906,2267,0
1907,1649,118
1907,1908,14
1907,2232,0
1907,2233,76
1908,1907,14
1908,1952,198
1908,2232,67
1908,2233,0
1909,2030,156
1909,2234,0
1910,1957,420
1910,1958,420
1910,2086,122
1910,2212,420
1910,2213,420
1910,2235,0
1911,1944,129
1911,2236,0
1916,1657,143
1916,1661,137
1916,2241,0
1916,2537,143
1916,3343755,180
1916,3343756,180
1917,1708,147
1917,2242,0
1920,1906,124
1920,2245,0
1922,1901,103
1922,2247,0
1925,1639,120
1925,2250,0
1926,2069,93
1926,2251,0
1927,1690,117
1927,1928,160
1927,2252,0
1927,2253,151
1928,1719,108
1928,1927,160
1928,2252,152
1928,2253,0
1930,1825,120
1930,2255,0
1932,1891,105
1932,2257,0
1933,1887,162
1933,2258,0
1934,1855,97
1934,2259,0
1935,1630,103
1935,2260,0
1936,1816,90
1936,2261,0
1938,1826,103
1938,2263,0
1944,2055,157
1944,2199,0
1945,1946,300
1945,1961,112
1945,2200,0
1945,2201,300
1946,1730,102
1946,1945,300
1946,2200,300
1946,2201,0
1947,2202,0
1947,1662795,140
1948,1827,118
1948,2203,0
1949,1737,122
1949,2204,0
1950,1659,61
1950,1785,142
1950,2205,0
1950,2539,61
1951,1641,126
1951,1952,145
1951,2206,0
1951,2207,129
1952,1951,145
1952,2206,169
1952,2207,0
1953,1954,67
1953,2034,106
1953,2076,83
1953,2125,107
1953,2208,0
1953,2209,95
1954,1800,139
1954,1953,67
1954,2076,70
1954,2125,55
1954,2208,59
1954,2209,0
1955,2062,161
1955,2210,0
1955,1166832,420
1955,1166833,420
1957,1910,420
1957,1953,114
1957,1958,161
1957,2212,0
1957,2213,184
1957,2235,420
1958,1910,420
1958,1957,161
1958,2076,150
1958,2212,124
1958,2213,0
1958,2235,420
1959,1874,128
1959,2214,0
1961,2028,117
1961,2216,0
1962,1640,99
1962,2217,0
1963,2218,0
1963,967988,90
1964,1965,400
1964,1966,257
1964,1975,107
1964,2036,89
1964,2155,109
1964,2219,0
1964,2220,400
1964,2221,248
1964,1166834,180
1964,1166835,180
1965,1964,400
1965,1966,250
1965,2036,240
1965,2155,250
1965,2219,400
1965,2220,0
1965,2221,250
1965,1166834,420
1965,1166835,420
1966,1805,113
1966,1964,257
1966,1965,250
1966,2036,264
1966,2155,298
1966,2219,271
1966,2220,126
1966,2221,0
1966,1166834,360
1966,1166835,360
1969,1880,110
1969,2224,0
1971,1847,134
1971,1972,133
1971,2226,0
1971,2227,99
1972,1702,98
1972,1971,133
1972,2226,119
1972,2227,0
1974,1836,90
1974,2229,0
1975,1729,95
1975,2230,0
1977,1811,90
1977,2167,0
1978,1900,109
1978,2168,0
1980,1982,119
1980,2083,135
1980,2170,0
1980,2172,119
1980,3343763,180
1980,3343764,180
1982,1869,120
1982,1980,119
1982,2170,96
1982,2172,0
1982,3343763,180
1982,3343764,180
1984,1691,102
1984,2174,0
1985,2080,90
1985,2175,0
1986,1750,135
1986,2176,0
1987,1962,127
1987,2177,0
1989,1684,103
1989,2179,0
1993,1873,167
1993,2183,0
1996,1828,98
1996,1997,105
1996,2185,0
1996,2186,84
1997,1763,104
1997,1996,105
1997,2185,101
1997,2186,0
2001,1678,118
2001,2190,0
2001,3343773,180
2001,3343774,180
2002,2013,90
2002,2191,0
2004,1817,161
2004,2193,0
2005,2004,150
2005,2194,0
2007,1760,108
2007,2196,0
2008,2063,113
2008,2164,0
2009,1741,128
2009,2165,0
2013,2075,90
2013,2132,0
2014,1882,94
2014,2133,0
2015,1849,97
2015,2134,0
2016,1657,93
2016,2135,0
2017,1793,210
2017,2136,0
2018,1908,110
2018,2137,0
2020,1854,108
2020,2139,0
2025,1820,125
2025,2083,95
2025,2144,0
2025,2544,59
2026,1818,112
2028,2029,62
2028,2030,86
2028,2048,103
2028,2147,0
2028,2148,60
2028,2149,68
2029,1694,150
2029,2028,62
2029,2030,73
2029,2147,64
2029,2148,0
2029,2149,81
2030,2028,86
2030,2029,73
2030,2147,74
2030,2148,59
2030,2149,0
2031,2057,133
2031,2150,0
2032,1709,115
2032,2151,0
2033,2061,96
2033,2152,0
2034,1677,90
2034,2153,0
2035,2067,121
2035,2154,0
2036,1864,93
2036,1964,89
2036,1965,240
2036,1966,264
2036,2155,0
2036,2219,104
2036,2220,240
2036,2221,255
2036,1166834,180
2036,1166835,180
2037,1920,111
2037,2156,0
2040,1735,106
2040,2159,0
2041,1788,93
2041,2160,0
2043,1946,146
2043,2162,0
2044,1802,106
2044,2163,0
2046,1791,108
2046,2096,0
2048,1755,109
2048,2098,0
2050,1765,94
2050,2051,93
2050,2099,0
2050,2100,119
2051,1761,111
2051,2050,93
2051,2099,111
2051,2100,0
2052,1982,129
2052,2101,0
2055,1744,150
2055,2104,0
2057,1916,105
2057,2106,0
2058,2041,106
2058,2107,0
2061,1957,148
2061,2086,104
2061,2110,0
2061,2547,104
2062,1642,145
2062,2063,75
2062,2111,0
2062,2112,68
2062,3343785,180
2062,3343786,180
2063,1759,125
2063,2062,75
2063,2111,100
2063,2112,0
2063,3343785,180
2063,3343786,180
2065,2081,103
2065,2114,0
2066,1963,97
2066,2087,95
2066,2115,0
2066,2548,98
2067,1725,104
2067,2116,0
2068,1644,110
2068,2117,0
2068,1166830,180
2068,1166831,180
2069,1780,96
2069,2118,0
2071,1795,110
2071,2120,0
2072,1932,143
2072,2121,0
2073,1909,93
2073,2122,0
2075,1902,90
2075,2124,0
2076,1898,123
2076,1953,83
2076,1954,70
2076,2125,0
2076,2208,72
2076,2209,55
2079,2087,93
2079,2128,0
2080,1703,93
2080,2093,0
2081,2082,90
2081,2094,0
2081,3343795,180
2081,3343796,180
2082,2068,115
2082,2543,0
2083,1945,99
2083,2025,95
2083,2144,106
2083,2544,0
2085,1954,126
2085,2546,0
2086,2046,112
2086,2061,104
2086,2110,91
2086,2547,0
2087,1978,118
2087,2066,95
2087,2115,139
2087,2548,0
2088,1884,107
2088,2549,0
2089,2072,223
2089,2550,0
2093,2080,0
2093,2175,98
2094,2081,0
2094,2114,111
2094,3343795,180
2094,3343796,180
2096,2046,0
2096,2547,120
2098,2048,0
2098,2147,106
2099,2050,0
2099,2051,111
2099,2100,137
2099,2493,97
2100,2050,119
2100,2051,0
2100,2099,137
2100,967989,133
2101,2052,0
2101,2479,90
2104,2055,0
2104,2199,164
2106,2057,0
2106,2150,114
2107,2058,0
2107,2338,166
2110,2061,0
2110,2086,91
2110,2152,101
2110,2547,91
2111,2062,0
2111,2063,100
2111,2112,96
2111,2210,153
2111,3343785,180
2111,3343786,180
2112,2062,68
2112,2063,0
2112,2111,96
2112,2164,97
2112,3343785,180
2112,3343786,180
2114,2065,0
2114,2399,90
2115,2066,0
2115,2087,139
2115,2436,113
2115,2548,132
2116,2067,0
2116,2154,160
2117,2068,0
2117,2543,110
2117,1166830,180
2117,1166831,180
2118,2069,0
2118,2251,108
2120,2071,0
2120,2401,111
2121,2072,0
2121,2550,287
2122,2073,0
2122,2497,90
2124,2075,0
2124,2132,90
2125,1953,107
2125,1954,55
2125,2076,0
2125,2208,99
2125,2209,15
2125,2213,157
2128,2079,0
2128,2351,109
2132,2013,0
2132,2191,114
2133,2014,0
2133,2531,136
2134,2015,0
2134,2373,93
2135,2016,0
2135,2475,90
2136,2017,0
2136,2521,103
2137,2018,0
2137,2350,90
2139,2020,0
2139,2529,97
2144,2025,0
2144,2083,106
2144,2293,141
2144,2544,72
2147,2028,0
2147,2029,64
2147,2030,74
2147,2148,52
2147,2149,20
2147,2216,119
2148,2028,60
2148,2029,0
2148,2030,59
2148,2147,52
2148,2149,89
2148,2494,115
2149,2028,68
2149,2029,81
2149,2030,0
2149,2147,20
2149,2148,89
2149,2234,150
2150,2031,0
2150,2299,102
2151,2032,0
2151,2513,130
2152,2033,0
2152,2535,80
2153,2034,0
2153,2208,102
2154,2035,0
2155,1964,109
2155,1965,250
2155,1966,298
2155,2036,0
2155,2219,130
2155,2220,210
2155,2221,284
2155,2288,103
2155,1166834,180
2155,1166835,180
2156,2037,0
2156,2402,94
2159,2040,0
2159,2185,90
2159,2367,87
2160,2041,0
2160,2107,109
2162,2043,0
2162,2291,111
2163,2044,0
2163,2329,97
2164,2008,0
2164,2445,104
2165,2009,0
2165,2536,123
2167,1977,0
2167,2533,90
2168,1978,0
2168,2548,121
2170,1980,0
2170,1982,96
2170,2172,96
2170,2498,90
2170,3343763,180
2170,3343764,180
2172,1980,119
2172,1982,0
2172,2101,137
2172,2170,96
2172,3343763,180
2172,3343764,180
2174,1984,0
2174,2428,129
2175,1985,0
2175,2422,112
2176,1986,0
2176,2337,154
2177,1987,0
2177,2404,119
2179,1989,0
2179,2361,93
2183,1993,0
2183,2449,125
2185,1996,0
2185,1997,101
2185,2186,80
2185,2367,30
2185,2525,93
2186,1996,84
2186,1997,0
2186,2185,80
2186,2520,107
2190,2001,0
2190,2457,115
2190,3343773,180
2190,3343774,180
2191,1797,90
2191,2002,0
2193,2004,0
2193,2194,170
2194,2005,0
2196,2007,0
2196,2542,90
2199,1944,0
2199,2236,157
2200,1945,0
2200,1946,300
2200,2201,300
2200,2544,119
2201,1945,300
2201,1946,0
2201,2162,130
2201,2200,300
2202,1947,0
2202,2268,194
2203,1948,0
2203,2397,114
2204,1949,0
2205,1659,107
2205,1950,0
2205,2415,124
2205,2539,111
2206,1951,0
2206,1952,169
2206,2207,145
2206,2437,137
2207,1951,129
2207,1952,0
2207,2206,145
2207,2233,150
2208,1953,0
2208,1954,59
2208,2076,72
2208,2125,99
2208,2209,100
2208,2212,129
2209,1953,95
2209,1954,0
2209,2076,55
2209,2125,15
2209,2208,100
2209,2546,90
2210,1955,0
2210,2443,128
2210,1166832,240
2210,1166833,240
2212,1910,420
2212,1957,0
2212,1958,124
2212,2110,132
2212,2213,145
2212,2235,420
2213,1910,420
2213,1957,184
2213,1958,0
2213,2212,145
2213,2235,420
2213,2485,156
2214,1959,0
2214,2426,144
2216,1961,0
2216,2200,98
2217,1962,0
2217,2177,113
2218,1963,0
2218,2115,103
2219,1964,0
2219,1965,400
2219,1966,271
2219,2036,104
2219,2155,130
2219,2220,400
2219,2221,262
2219,2322,116
2219,1166834,180
2219,1166835,180
2220,1964,400
2220,1965,0
2220,1966,126
2220,2036,240
2220,2155,210
2220,2219,400
2220,2221,123
2220,2289,90
2220,1166834,420
2220,1166835,420
2221,1964,248
2221,1965,250
2221,1966,0
2221,2036,255
2221,2155,284
2221,2219,262
2221,2220,123
2221,2345,118
2221,1166834,360
2221,1166835,360
2224,1969,0
2226,1971,0
2226,1972,119
2226,2227,86
2226,2316,108
2227,1971,99
2227,1972,0
2227,2226,86
2227,2286,106
2229,1974,0
2229,2524,90
2230,1975,0
2230,2219,99
2232,1907,0
2232,1908,67
2232,2233,78
2232,2491,143
2233,1907,76
2233,1908,0
2233,2137,102
2233,2232,78
2234,1909,0
2234,2122,90
2235,1910,0
2235,1957,420
2235,1958,420
2235,2212,420
2235,2213,420
2235,2484,104
2236,1911,0
2241,1657,133
2241,1916,0
2241,2106,95
2241,2537,133
2241,3343755,180
2241,3343756,180
2242,1917,0
2242,2440,101
2245,1920,0
2245,2156,108
2247,1922,0
2247,2382,115
2250,1925,0
2250,2272,157
2251,1926,0
2251,2537,90
2252,1927,0
2252,1928,152
2252,2253,144
2252,2541,99
2253,1927,151
2253,1928,0
2253,2252,144
2253,2366,123
2255,1930,0
2255,2409,116
2256,2354,97
2257,1932,0
2257,2121,146
2258,1933,0
2258,2342,121
2259,1934,0
2259,2374,106
2260,1935,0
2260,2467,124
2261,1936,0
2261,2425,118
2263,1938,0
2263,2392,123
2266,1905,0
2266,2408,83
2267,1906,0
2267,2245,134
2268,1872,0
2268,2419,150
2269,1873,0
2269,2183,124
2270,1874,0
2270,2214,123
2271,1875,0
2272,1876,0
2272,2495,97
2275,1879,0
2275,2276,133
2276,1880,0
2276,2224,118
2277,1881,0
2277,2510,134
2278,1882,0
2278,2133,90
2279,1655,187
2279,1883,0
2279,2267,101
2279,2535,170
2280,1884,0
2280,2549,110
2282,1886,0
2282,2279,137
2283,1887,0
2283,2258,112
2284,1888,0
2284,2536,135
2285,1889,0
2285,1890,77
2285,2286,86
2285,2313,93
2286,1889,67
2286,1890,0
2286,2285,86
2286,2460,107
2287,1891,0
2287,2257,118
2288,1892,0
2288,1893,192
2288,2289,168
2288,2522,115
2289,1892,144
2289,1893,0
2289,2288,168
2289,2439,103
2291,1895,0
2291,2517,125
2293,1897,0
2293,2518,99
2293,3343761,180
2293,3343762,180
2294,1898,0
2294,2125,150
2295,1899,0
2295,2353,125
2296,1900,0
2296,1901,231
2296,1902,143
2296,2168,97
2296,2297,225
2296,2298,133
2297,1900,229
2297,1901,0
2297,1902,168
2297,2247,100
2297,2296,225
2297,2298,161
2298,1900,133
2298,1901,166
2298,1902,0
2298,2124,90
2298,2296,133
2298,2297,161
2299,1903,0
2299,2256,144
2301,1871,0
2301,2400,130
2303,1836,0
2303,2229,104
2308,1841,0
2308,2496,99
2309,1842,0
2309,2365,125
2310,1843,0
2310,1844,106
2310,2311,110
2310,2377,147
2311,1843,103
2311,1844,0
2311,2310,110
2311,2527,110
2312,1653,80
2312,1845,0
2312,2472,109
2312,2533,106
2313,1846,0
2313,1847,88
2313,2314,119
2313,2438,128
2313,3343767,180
2313,3343768,180
2314,1846,125
2314,1847,0
2314,2226,129
2314,2313,119
2314,3343767,180
2314,3343768,180
2316,1849,0
2316,2134,124
2321,1854,0
2321,2139,124
2322,1855,0
2322,2259,100
2323,1856,0
2323,2433,112
2325,1858,0
2325,2469,138
2327,1860,0
2327,1861,70
2327,2328,60
2327,2486,107
2328,1860,75
2328,1861,0
2328,2298,105
2328,2327,60
2329,1862,0
2329,2416,106
2331,1864,0
2331,2155,115
2334,1867,0
2334,2476,120
2336,1869,0
2336,2172,120
2336,1166838,180
2336,1166839,180
2336,3343765,180
2336,3343766,180
2337,1870,0
2338,1651,138
2338,1832,74
2338,1833,0
2338,1834,90
2338,2339,90
2338,2371,89
2338,2531,122
2339,1651,200
2339,1832,90
2339,1833,90
2339,1834,0
2339,2338,90
2339,2371,90
2339,2531,200
2341,1802,0
2341,2163,138
2342,1803,0
2342,2323,124
2343,1804,0
2344,1805,0
2344,2221,129
2345,1806,0
2345,2384,150
2346,2193,161
2346,8433,0
2347,1808,0
2347,2272,113
2350,1811,0
2350,2167,90
2351,1812,0
2351,2394,109
2353,1814,0
2353,2354,71
2353,2355,115
2354,1814,89
2354,2346,150
2354,2353,71
2355,1816,0
2355,1817,51
2355,2261,90
2358,1819,0
2358,1820,62
2358,2359,56
2358,2441,110
2359,1819,51
2359,1820,0
2359,2144,132
2359,2358,56
2361,1822,0
2361,2509,103
2363,1824,0
2363,1825,367
2363,1826,108
2363,1827,311
2363,2364,381
2363,2365,108
2363,2366,289
2363,2442,115
2363,2502,30
2364,1824,368
2364,1825,0
2364,1826,396
2364,1827,126
2364,2255,101
2364,2363,381
2364,2365,307
2364,2366,113
2365,1824,108
2365,1825,293
2365,1826,0
2365,1827,235
2365,2263,90
2365,2363,108
2365,2364,307
2365,2366,264
2366,1824,343
2366,1825,101
2366,1826,241
2366,1827,0
2366,2203,117
2366,2363,289
2366,2364,113
2366,2365,264
2367,1828,0
2367,2185,90
2367,2525,126
2371,1651,166
2371,1832,0
2371,1833,72
2371,1834,90
2371,2338,89
2371,2339,90
2371,2429,132
2371,2531,151
2372,1799,0
2372,2427,137
2373,1800,0
2373,2209,154
2374,1764,0
2374,1765,79
2374,2375,79
2374,2487,108
2375,1764,137
2375,1765,0
2375,2099,139
2375,2374,79
2376,1647,130
2376,1766,0
2376,1767,79
2376,2377,153
2376,2389,129
2376,2527,118
2376,967988,180
2376,967989,180
2376,3343777,180
2376,3343778,180
2377,1647,130
2377,1766,128
2377,1767,0
2377,2294,115
2377,2376,153
2377,2527,117
2377,967988,180
2377,967989,180
2377,3343777,180
2377,3343778,180
2382,1772,0
2382,2424,128
2383,1773,0
2383,1774,71
2383,2331,90
2383,2384,99
2384,1773,89
2384,1774,0
2384,2383,99
2384,2435,118
2389,1779,0
2389,2471,113
2390,1780,0
2390,2118,101
2391,1781,0
2391,1782,79
2391,2364,138
2391,2392,111
2392,1781,121
2392,1782,0
2392,2391,111
2392,2512,90
2393,1783,0
2393,2463,128
2394,1784,0
2394,1785,94
2394,2395,87
2394,2398,115
2395,1784,93
2395,1785,0
2395,2205,146
2395,2394,87
2396,1786,0
2396,2514,90
2397,1787,0
2397,2372,103
2398,1788,0
2398,2160,104
2399,1789,0
2399,2339,159
2400,1790,0
2400,2412,135
2401,1791,0
2401,1792,108
2401,2096,115
2401,2402,122
2402,1791,129
2402,1792,0
2402,2401,122
2402,2465,103
2403,1648,129
2403,1793,0
2403,1794,90
2403,2136,125
2403,2404,90
2403,2528,118
2404,1648,116
2404,1793,90
2404,1794,0
2404,2303,101
2404,2403,90
2404,2528,102
2405,1795,0
2405,1796,119
2405,2120,112
2405,2406,125
2406,1795,86
2406,1796,0
2406,2325,108
2406,2405,125
2408,1797,79
2408,1798,0
2408,2492,132
2409,1645,90
2409,1763,0
2409,2186,97
2409,2525,90
2411,1733,0
2411,2466,115
2412,1734,0
2412,2418,105
2413,1735,0
2413,2159,113
2414,1736,0
2414,2504,129
2415,1737,0
2415,2204,120
2416,1738,0
2416,2396,127
2418,1740,0
2418,2347,120
2419,1741,0
2419,2165,150
2420,1742,0
2421,1743,0
2421,2282,101
2422,1744,0
2422,2104,150
2423,1745,0
2423,2278,111
2424,1746,0
2424,2287,122
2425,1747,0
2425,2280,150
2426,1748,0
2426,2284,102
2427,1749,0
2427,2275,121
2428,1750,0
2428,2176,138
2429,1751,0
2429,2470,120
2430,1752,0
2430,1753,139
2430,2431,140
2431,1752,131
2431,1753,0
2431,2271,150
2431,2430,140
2433,1755,0
2433,2098,113
2434,1756,0
2435,1757,0
2435,2314,126
2435,6129304,180
2435,6129305,180
2436,1758,0
2436,2266,90
2437,1759,0
2437,2112,142
2438,1760,0
2438,2196,103
2439,1761,0
2439,2100,90
2440,1762,0
2440,2295,90
2441,1730,0
2441,2201,115
2442,1731,0
2442,2411,95
2443,1698,0
2443,2371,133
2443,3343791,180
2443,3343792,180
2445,1700,0
2445,2310,131
2447,1702,0
2447,2227,98
2447,3343769,180
2447,3343770,180
2448,1703,0
2448,2093,96
2449,1704,0
2449,2423,150
2452,1707,0
2452,2405,127
2453,1708,0
2453,2242,150
2454,1709,0
2454,2151,104
2455,1710,0
2455,2477,104
2457,1712,0
2457,2447,101
2457,3343771,180
2457,3343772,180
2459,1714,0
2459,2311,94
2460,1715,0
2460,1722,480
2460,1723,480
2460,1724,480
2460,2358,118
2460,2467,480
2460,2468,480
2460,2469,480
2460,1166840,140
2460,1166841,140
2461,1716,0
2461,2462,143
2462,1717,0
2462,1692061,166
2463,1718,0
2463,2430,90
2464,1719,0
2464,2253,102
2465,1720,0
2465,2308,115
2466,1721,0
2466,2312,93
2467,1715,480
2467,1722,0
2467,1723,263
2467,1724,118
2467,2285,116
2467,2460,480
2467,2468,253
2467,2469,108
2467,1166840,180
2467,1166841,180
2468,1715,480
2468,1722,220
2468,1723,0
2468,1724,131
2468,2336,140
2468,2460,480
2468,2467,253
2468,2469,139
2468,1166840,180
2468,1166841,180
2469,1715,480
2469,1722,108
2469,1723,149
2469,1724,0
2469,2359,164
2469,2460,480
2469,2467,108
2469,2468,139
2469,1166840,180
2469,1166841,180
2470,1725,0
2470,2116,107
2471,1728,0
2471,2395,97
2472,1729,0
2472,2230,95
2475,1665,0
2475,2391,107
2476,1666,0
2476,1667,99
2476,2477,57
2476,2500,101
2477,1666,67
2477,1667,0
2477,2476,57
2477,2526,94
2478,1668,0
2478,2420,109
2478,2535,30
2479,1669,0
2479,2455,103
2484,1674,0
2484,1675,120
2484,1676,247
2484,2296,126
2484,2485,127
2484,2486,245
2485,1674,116
2485,1675,0
2485,1676,127
2485,2297,103
2485,2484,127
2485,2486,125
2486,1674,234
2486,1675,104
2486,1676,0
2486,2448,118
2486,2484,245
2486,2485,125
2487,1677,0
2487,1678,119
2487,2153,90
2487,2488,90
2487,3343775,180
2487,3343776,180
2488,1677,63
2488,1678,0
2488,2190,90
2488,2487,90
2488,3343775,180
2488,3343776,180
2491,1681,0
2491,2344,111
2492,1682,0
2492,2431,94
2493,1683,0
2493,2376,90
2494,1684,0
2494,2179,102
2495,1685,0
2495,2528,125
2496,1686,0
2496,2468,106
2497,1637,96
2497,1687,0
2497,2390,119
2497,2517,81
2498,1688,0
2498,2383,116
2500,1690,0
2500,2252,128
2501,1691,0
2501,2174,100
2502,1692,0
2502,2363,93
2502,2442,150
2504,1694,0
2504,2148,140
2505,1695,0
2505,2506,135
2506,1696,0
2506,2519,150
2509,1629,0
2509,1630,72
2509,2452,128
2509,2510,72
2510,1629,72
2510,1630,0
2510,2260,127
2510,2509,72
2512,1632,0
2512,2501,102
2513,1633,0
2513,2459,110
2514,1634,0
2514,2277,93
2517,1637,0
2517,1687,96
2517,2453,111
2517,2497,81
2518,1638,0
2518,2464,102
2519,1639,0
2519,2250,143
2520,1640,0
2520,2217,104
2521,1641,0
2521,2206,106
2522,1642,0
2522,2111,150
2524,1644,0
2524,2117,120
2525,1645,0
2525,1763,90
2525,2363,150
2525,2409,90
2525,2502,100
2526,1646,0
2526,2309,103
2527,1647,0
2527,1766,101
2527,1767,105
2527,2376,118
2527,2377,117
2527,2488,146
2527,967988,180
2527,967989,180
2527,3343777,180
2527,3343778,180
2528,1648,0
2528,1793,162
2528,1794,98
2528,2321,115
2528,2403,118
2528,2404,102
2529,1649,0
2529,2232,104
2531,1651,0
2531,1832,153
2531,1833,149
2531,1834,200
2531,2338,122
2531,2339,200
2531,2371,151
2531,2454,101
2533,1653,0
2533,1845,105
2533,2312,106
2533,2334,104
2535,1655,0
2535,1883,172
2535,2279,170
2535,2478,100
2536,1656,0
2536,2406,122
2537,1657,0
2537,1916,143
2537,2135,90
2537,2241,133
2537,3343755,180
2537,3343756,180
2539,1659,0
2539,1950,61
2539,2205,111
2539,2393,90
2541,1661,0
2541,2241,156
2542,1662,0
2542,2375,90
2543,2082,0
2543,2094,118
2544,2025,59
2544,2083,0
2544,2144,72
2544,2170,130
2546,2085,0
2546,2327,125
2547,2061,104
2547,2086,0
2547,2110,91
2547,2235,137
2548,2066,98
2548,2087,0
2548,2115,132
2548,2128,115
2549,2088,0
2549,2343,150
2550,2089,0
8433,2346,0
140078,140079,0
140079,2461,124
140079,140078,0
967988,1647,180
967988,1766,180
967988,1767,180
967988,2051,124
967988,2376,180
967988,2377,180
967988,2527,180
967988,967989,0
967988,3343777,180
967988,3343778,180
967989,1647,180
967989,1766,180
967989,1767,180
967989,2218,98
967989,2376,180
967989,2377,180
967989,2527,180
967989,967988,0
967989,3343777,180
967989,3343778,180
1166824,1166825,0
1166825,1166824,0
1166825,1166827,124
1166826,1166824,150
1166826,1166827,0
1166827,1166826,0
1166827,1166829,122
1166828,1166826,134
1166828,1166829,0
1166829,1166828,0
1166829,1166831,117
1166830,2068,180
1166830,2117,180
1166830,1166828,126
1166830,1166831,0
1166831,2068,180
1166831,2117,180
1166831,1166830,0
1166831,1166833,136
1166832,1955,420
1166832,2210,240
1166832,1166830,122
1166832,1166833,0
1166833,1955,420
1166833,2210,240
1166833,1166832,0
1166833,1166835,210
1166834,1964,180
1166834,1965,420
1166834,1966,360
1166834,2036,180
1166834,2155,180
1166834,2219,180
1166834,2220,420
1166834,2221,360
1166834,1166832,226
1166834,1166835,0
1166835,1964,180
1166835,1965,420
1166835,1966,360
1166835,2036,180
1166835,2155,180
1166835,2219,180
1166835,2220,420
1166835,2221,360
1166835,1166834,0
1166835,6129305,116
1166838,1869,180
1166838,2336,180
1166838,1166839,0
1166838,3343765,180
1166838,3343766,180
1166838,6129304,134
1166839,1869,180
1166839,2336,180
1166839,1166838,0
1166839,1166841,158
1166839,3343765,180
1166839,3343766,180
1166840,1715,140
1166840,1722,180
1166840,1723,180
1166840,1724,180
1166840,2460,140
1166840,2467,180
1166840,2468,180
1166840,2469,180
1166840,1166838,122
1166840,1166841,0
1166841,1715,140
1166841,1722,180
1166841,1723,180
1166841,1724,180
1166841,2460,140
1166841,2467,180
1166841,2468,180
1166841,2469,180
1166841,1166840,0
1662795,1662796,0
1662795,1662797,139
1662796,2202,150
1662796,1662795,0
1662797,1662798,0
1662798,1662796,99
1662798,1662797,0
1692060,1717,180
1692060,1692061,0
1692061,2270,150
1692061,1692060,0
3343334,3343335,0
3343334,3343336,94
3343335,3343334,0
3343336,3343337,0
3343336,3343338,90
3343337,3343335,165
3343337,3343336,0
3343338,3343339,0
3343338,3343746,99
3343339,3343337,94
3343339,3343338,0
3343746,3343752,0
3343746,3343753,100
3343752,3343339,90
3343752,3343746,0
3343753,3343754,0
3343753,3343755,118
3343754,3343752,90
3343754,3343753,0
3343755,1657,180
3343755,1916,180
3343755,2241,180
3343755,2537,180
3343755,3343756,0
3343755,3343757,135
3343756,1657,180
3343756,1916,180
3343756,2241,180
3343756,2537,180
3343756,3343754,118
3343756,3343755,0
3343757,3343758,0
3343757,3343759,100
3343758,3343756,135
3343758,3343757,0
3343759,3343760,0
3343759,3343761,125
3343760,3343758,100
3343760,3343759,0
3343761,1897,180
3343761,2293,180
3343761,3343762,0
3343761,3343763,125
3343762,1897,180
3343762,2293,180
3343762,3343760,108
3343762,3343761,0
3343763,1980,180
3343763,1982,180
3343763,2170,180
3343763,2172,180
3343763,3343764,0
3343763,3343765,110
3343764,1980,180
3343764,1982,180
3343764,2170,180
3343764,2172,180
3343764,3343762,141
3343764,3343763,0
3343765,1869,180
3343765,2336,180
3343765,1166838,180
3343765,1166839,180
3343765,3343766,0
3343765,3343767,105
3343766,1869,180
3343766,2336,180
3343766,1166838,180
3343766,1166839,180
3343766,3343764,111
3343766,3343765,0
3343767,1846,180
3343767,1847,180
3343767,2313,180
3343767,2314,180
3343767,3343768,0
3343767,3343769,107
3343768,1846,180
3343768,1847,180
3343768,2313,180
3343768,2314,180
3343768,3343766,99
3343768,3343767,0
3343769,1702,180
3343769,2447,180
3343769,3343770,0
3343769,3343771,101
3343770,1702,180
3343770,2447,180
3343770,3343768,111
3343770,3343769,0
3343771,1712,180
3343771,2457,180
3343771,3343772,0
3343771,3343773,99
3343772,1712,180
3343772,2457,180
3343772,3343770,103
3343772,3343771,0
3343773,2001,180
3343773,2190,180
3343773,3343774,0
3343773,3343775,99
3343774,2001,180
3343774,2190,180
3343774,3343772,90
3343774,3343773,0
3343775,1677,180
3343775,1678,180
3343775,2487,180
3343775,2488,180
3343775,3343776,0
3343775,3343777,132
3343776,1677,180
3343776,1678,180
3343776,2487,180
3343776,2488,180
3343776,3343774,95
3343776,3343775,0
3343777,1647,180
3343777,1766,180
3343777,1767,180
3343777,2376,180
3343777,2377,180
3343777,2527,180
3343777,967988,180
3343777,967989,180
3343777,3343778,0
3343777,3343779,110
3343778,1647,180
3343778,1766,180
3343778,1767,180
3343778,2376,180
3343778,2377,180
3343778,2527,180
3343778,967988,180
3343778,967989,180
3343778,3343776,145
3343778,3343777,0
3343779,3343780,0
3343779,3343781,95
3343780,3343778,116
3343780,3343779,0
3343781,3343782,0
3343781,3343783,94
3343782,3343780,90
3343782,3343781,0
3343783,3343784,0
3343783,3343785,113
3343784,3343782,98
3343784,3343783,0
3343785,2062,180
3343785,2063,180
3343785,2111,180
3343785,2112,180
3343785,3343786,0
3343785,3343787,90
3343786,2062,180
3343786,2063,180
3343786,2111,180
3343786,2112,180
3343786,3343784,90
3343786,3343785,0
3343787,3343788,0
3343787,3343789,118
3343788,3343786,108
3343788,3343787,0
3343789,3343790,0
3343789,3343791,101
3343790,3343788,117
3343790,3343789,0
3343791,1698,180
3343791,2443,180
3343791,3343792,0
3343791,3343793,103
3343792,1698,180
3343792,2443,180
3343792,3343790,98
3343792,3343791,0
3343793,3343794,0
3343793,3343795,115
3343794,3343792,103
3343794,3343793,0
3343795,2081,180
3343795,2094,180
3343795,3343796,0
3343795,3343797,118
3343796,2081,180
3343796,2094,180
3343796,3343794,113
3343796,3343795,0
3343797,3343798,0
3343797,3343799,101
3343798,3343796,105
3343798,3343797,0
3343799,3343800,0
3343799,3343801,126
3343800,3343798,111
3343800,3343799,0
3343801,3343802,0
3343801,3343803,150
3343802,3343800,126
3343802,3343801,0
3343803,3343804,0
3343803,3343805,106
3343804,3343802,131
3343804,3343803,0
3343805,3343806,0
3343805,3343807,138
3343806,3343804,127
3343806,3343805,0
3343807,3343808,0
3343807,3343809,127
3343808,3343806,141
3343808,3343807,0
3343809,3343810,0
3343809,3343811,146
3343810,3343808,124
3343810,3343809,0
3343811,3343812,0
3343811,3343813,130
3343812,3343810,140
3343812,3343811,0
3343813,3343814,0
3343813,3343815,122
3343814,3343812,141
3343814,3343813,0
3343815,3343816,0
3343815,3343817,163
3343816,3343814,124
3343816,3343815,0
3343817,3343818,0
3343817,3343819,187
3343818,3343816,150
3343818,3343817,0
3343819,3343825,0
3343825,3343818,150
3343825,3343819,0
3901291,3901292,0
3901292,2421,196
3901292,3901291,0
4028973,4028974,0
4028974,2413,119
4028974,4028973,0
6129304,1757,180
6129304,2435,180
6129304,1166834,116
6129304,6129305,0
6129305,1757,180
6129305,2435,180
6129305,1166839,132
6129305,6129304,0
